Amount,Price,Source,date,Buyback
0.1,186000.0,Lotus Archi,2024-07-25,125600.0
0.2,369000.0,Lotus Archi,2024-07-25,251200.0
0.5,709000.0,Lotus Archi,2024-07-25,628000.0
1.0,1359000.0,Lotus Archi,2024-07-25,1256000.0
2.0,2672000.0,Lotus Archi,2024-07-25,2512000.0
5.0,6648000.0,Lotus Archi,2024-07-25,6280000.0
10.0,13306000.0,Lotus Archi,2024-07-25,12560000.0
25.0,33190000.0,Lotus Archi,2024-07-25,31400000.0
50.0,66231000.0,Lotus Archi,2024-07-25,62800000.0
100.0,132363000.0,Lotus Archi,2024-07-25,125600000.0
0.5,750000.0,Antam,2024-07-25,628000.0
1.0,1400000.0,Antam,2024-07-25,1256000.0
2.0,2740000.0,Antam,2024-07-25,2512000.0
3.0,4085000.0,Antam,2024-07-25,3768000.0
5.0,6775000.0,Antam,2024-07-25,6280000.0
10.0,13495000.0,Antam,2024-07-25,12560000.0
25.0,33612000.0,Antam,2024-07-25,31400000.0
50.0,67145000.0,Antam,2024-07-25,62800000.0
100.0,134212000.0,Antam,2024-07-25,125600000.0
250.0,335265000.0,Antam,2024-07-25,314000000.0
500.0,670320000.0,Antam,2024-07-25,628000000.0
1000.0,1340600000.0,Antam,2024-07-25,1256000000.0
1.0,16305.12,USD,2024-07-25,16142.88
0.1,184000.0,Lotus Archi,2024-07-27,124200.0
0.2,365000.0,Lotus Archi,2024-07-27,248400.0
0.5,700000.0,Lotus Archi,2024-07-27,621000.0
1.0,1341000.0,Lotus Archi,2024-07-27,1242000.0
2.0,2636000.0,Lotus Archi,2024-07-27,2484000.0
5.0,6559000.0,Lotus Archi,2024-07-27,6210000.0
10.0,13128000.0,Lotus Archi,2024-07-27,12420000.0
25.0,32745000.0,Lotus Archi,2024-07-27,31050000.0
50.0,65340000.0,Lotus Archi,2024-07-27,62100000.0
100.0,130581000.0,Lotus Archi,2024-07-27,124200000.0
0.5,748000.0,Antam,2024-07-27,627000.0
1.0,1396000.0,Antam,2024-07-27,1254000.0
2.0,2732000.0,Antam,2024-07-27,2508000.0
3.0,4073000.0,Antam,2024-07-27,3762000.0
5.0,6755000.0,Antam,2024-07-27,6270000.0
10.0,13455000.0,Antam,2024-07-27,12540000.0
25.0,33512000.0,Antam,2024-07-27,31350000.0
50.0,66945000.0,Antam,2024-07-27,62700000.0
100.0,133812000.0,Antam,2024-07-27,125400000.0
250.0,334265000.0,Antam,2024-07-27,313500000.0
500.0,668320000.0,Antam,2024-07-27,627000000.0
1000.0,1336600000.0,Antam,2024-07-27,1254000000.0
1.0,16349.34,USD,2024-07-27,16186.66
0.1,184000.0,Lotus Archi,2024-07-28,124200.0
0.2,365000.0,Lotus Archi,2024-07-28,248400.0
0.5,700000.0,Lotus Archi,2024-07-28,621000.0
1.0,1341000.0,Lotus Archi,2024-07-28,1242000.0
2.0,2636000.0,Lotus Archi,2024-07-28,2484000.0
5.0,6559000.0,Lotus Archi,2024-07-28,6210000.0
10.0,13128000.0,Lotus Archi,2024-07-28,12420000.0
25.0,32745000.0,Lotus Archi,2024-07-28,31050000.0
50.0,65340000.0,Lotus Archi,2024-07-28,62100000.0
100.0,130581000.0,Lotus Archi,2024-07-28,124200000.0
0.5,748000.0,Antam,2024-07-28,627000.0
1.0,1396000.0,Antam,2024-07-28,1254000.0
2.0,2732000.0,Antam,2024-07-28,2508000.0
3.0,4073000.0,Antam,2024-07-28,3762000.0
5.0,6755000.0,Antam,2024-07-28,6270000.0
10.0,13455000.0,Antam,2024-07-28,12540000.0
25.0,33512000.0,Antam,2024-07-28,31350000.0
50.0,66945000.0,Antam,2024-07-28,62700000.0
100.0,133812000.0,Antam,2024-07-28,125400000.0
250.0,334265000.0,Antam,2024-07-28,313500000.0
500.0,668320000.0,Antam,2024-07-28,627000000.0
1000.0,1336600000.0,Antam,2024-07-28,1254000000.0
1.0,16349.34,USD,2024-07-28,16186.66
0.1,186000.0,Lotus Archi,2024-07-29,126000.0
0.2,368000.0,Lotus Archi,2024-07-29,252000.0
0.5,708000.0,Lotus Archi,2024-07-29,630000.0
1.0,1357000.0,Lotus Archi,2024-07-29,1260000.0
2.0,2668000.0,Lotus Archi,2024-07-29,2520000.0
5.0,6638000.0,Lotus Archi,2024-07-29,6300000.0
10.0,13286000.0,Lotus Archi,2024-07-29,12600000.0
25.0,33141000.0,Lotus Archi,2024-07-29,31500000.0
50.0,66132000.0,Lotus Archi,2024-07-29,63000000.0
100.0,132165000.0,Lotus Archi,2024-07-29,126000000.0
0.5,751000.0,Antam,2024-07-29,630000.0
1.0,1402000.0,Antam,2024-07-29,1260000.0
2.0,2744000.0,Antam,2024-07-29,2520000.0
3.0,4091000.0,Antam,2024-07-29,3780000.0
5.0,6785000.0,Antam,2024-07-29,6300000.0
10.0,13515000.0,Antam,2024-07-29,12600000.0
25.0,33662000.0,Antam,2024-07-29,31500000.0
50.0,67245000.0,Antam,2024-07-29,63000000.0
100.0,134412000.0,Antam,2024-07-29,126000000.0
250.0,335765000.0,Antam,2024-07-29,315000000.0
500.0,671320000.0,Antam,2024-07-29,630000000.0
1000.0,1342600000.0,Antam,2024-07-29,1260000000.0
0.5,750000.0,Galeri 24,2024-07-29,643000.0
1.0,1389000.0,Galeri 24,2024-07-29,1286000.0
2.0,2726000.0,Galeri 24,2024-07-29,2573000.0
5.0,6720000.0,Galeri 24,2024-07-29,6433000.0
10.0,13348000.0,Galeri 24,2024-07-29,12866000.0
25.0,33337000.0,Galeri 24,2024-07-29,32008000.0
50.0,66619000.0,Galeri 24,2024-07-29,64016000.0
100.0,133224000.0,Galeri 24,2024-07-29,128033000.0
250.0,332794000.0,Galeri 24,2024-07-29,318506000.0
500.0,665588000.0,Galeri 24,2024-07-29,637012000.0
1000.0,1331175000.0,Galeri 24,2024-07-29,1274024000.0
1.0,16375.47,USD,2024-07-29,16212.53
0.1,186000.0,Lotus Archi,2024-07-30,125400.0
0.2,368000.0,Lotus Archi,2024-07-30,250800.0
0.5,707000.0,Lotus Archi,2024-07-30,627000.0
1.0,1355000.0,Lotus Archi,2024-07-30,1254000.0
2.0,2664000.0,Lotus Archi,2024-07-30,2508000.0
5.0,6629000.0,Lotus Archi,2024-07-30,6270000.0
10.0,13266000.0,Lotus Archi,2024-07-30,12540000.0
25.0,33091000.0,Lotus Archi,2024-07-30,31350000.0
50.0,66132000.0,Lotus Archi,2024-07-30,62700000.0
100.0,131967000.0,Lotus Archi,2024-07-30,125400000.0
0.5,750000.0,Antam,2024-07-30,627000.0
1.0,1400000.0,Antam,2024-07-30,1254000.0
2.0,2740000.0,Antam,2024-07-30,2508000.0
3.0,4085000.0,Antam,2024-07-30,3762000.0
5.0,6775000.0,Antam,2024-07-30,6270000.0
10.0,13495000.0,Antam,2024-07-30,12540000.0
25.0,33612000.0,Antam,2024-07-30,31350000.0
50.0,67145000.0,Antam,2024-07-30,62700000.0
100.0,134212000.0,Antam,2024-07-30,125400000.0
250.0,335265000.0,Antam,2024-07-30,313500000.0
500.0,670320000.0,Antam,2024-07-30,627000000.0
1000.0,1340600000.0,Antam,2024-07-30,1254000000.0
0.5,750000.0,Galeri 24,2024-07-30,641000.0
1,1389000.0,Galeri 24,2024-07-30,1283000.0
2,2726000.0,Galeri 24,2024-07-30,2566000.0
5,6720000.0,Galeri 24,2024-07-30,6416000.0
10,13348000.0,Galeri 24,2024-07-30,12833000.0
25,33337000.0,Galeri 24,2024-07-30,31926000.0
50,66619000.0,Galeri 24,2024-07-30,63852000.0
100,133224000.0,Galeri 24,2024-07-30,127704000.0
250,332794000.0,Galeri 24,2024-07-30,317689000.0
500,665588000.0,Galeri 24,2024-07-30,635379000.0
1000,1331175000.0,Galeri 24,2024-07-30,1270758000.0
1,10707.57,AUD,2024-07-30,10597.79
1,12188.12,BND,2024-07-30,12062.36
1,11827.89,CAD,2024-07-30,11706.81
1,18508.91,CHF,2024-07-30,18316.46
1,2252.51,CNH,2024-07-30,2230.01
1,2255.46,CNY,2024-07-30,2232.96
1,2377.98,DKK,2024-07-30,2354.15
1,17748.84,EUR,2024-07-30,17565.75
1,21001.05,GBP,2024-07-30,20785.6
1,2095.94,HKD,2024-07-30,2075.06
100,10654.49,JPY,2024-07-30,10547.79
1,11.83,KRW,2024-07-30,11.71
1,53533.82,KWD,2024-07-30,52983.82
1,0.74,LAK,2024-07-30,0.73
1,3531.27,MYR,2024-07-30,3493.12
1,1486.02,NOK,2024-07-30,1470.88
1,9622.41,NZD,2024-07-30,9525.05
1,4232.62,PGK,2024-07-30,4068.97
1,279.79,PHP,2024-07-30,276.86
1,4362.9,SAR,2024-07-30,4319.26
1,1511.37,SEK,2024-07-30,1495.92
1,12188.12,SGD,2024-07-30,12062.36
1,455.66,THB,2024-07-30,450.88
1,16367.43,USD,2024-07-30,16204.57
1,0.65,VND,2024-07-30,0.64
0.1,186000.0,Lotus Archi,2024-07-31,126400.0
0.2,368000.0,Lotus Archi,2024-07-31,252800.0
0.5,707000.0,Lotus Archi,2024-07-31,632000.0
1.0,1355000.0,Lotus Archi,2024-07-31,1264000.0
2.0,2664000.0,Lotus Archi,2024-07-31,2528000.0
5.0,6629000.0,Lotus Archi,2024-07-31,6320000.0
10.0,13266000.0,Lotus Archi,2024-07-31,12640000.0
25.0,33091000.0,Lotus Archi,2024-07-31,31600000.0
50.0,66132000.0,Lotus Archi,2024-07-31,63200000.0
100.0,131967000.0,Lotus Archi,2024-07-31,126400000.0
0.5,756000.0,Antam,2024-07-31,632000.0
1.0,1412000.0,Antam,2024-07-31,1264000.0
2.0,2764000.0,Antam,2024-07-31,2528000.0
3.0,4121000.0,Antam,2024-07-31,3792000.0
5.0,6835000.0,Antam,2024-07-31,6320000.0
10.0,13615000.0,Antam,2024-07-31,12640000.0
25.0,33912000.0,Antam,2024-07-31,31600000.0
50.0,67745000.0,Antam,2024-07-31,63200000.0
100.0,135412000.0,Antam,2024-07-31,126400000.0
250.0,338265000.0,Antam,2024-07-31,316000000.0
500.0,676320000.0,Antam,2024-07-31,632000000.0
1000.0,1352600000.0,Antam,2024-07-31,1264000000.0
0.5,754000.0,Galeri 24,2024-07-31,644000.0
1,1399000.0,Galeri 24,2024-07-31,1289000.0
2,2743000.0,Galeri 24,2024-07-31,2578000.0
5,6763000.0,Galeri 24,2024-07-31,6446000.0
10,13432000.0,Galeri 24,2024-07-31,12893000.0
25,33546000.0,Galeri 24,2024-07-31,32076000.0
50,67038000.0,Galeri 24,2024-07-31,64153000.0
100,134060000.0,Galeri 24,2024-07-31,128306000.0
250,334884000.0,Galeri 24,2024-07-31,319185000.0
500,669767000.0,Galeri 24,2024-07-31,638370000.0
1000,1339534000.0,Galeri 24,2024-07-31,1276740000.0
1,10746.33,AUD,2024-07-31,10637.78
1,12208.11,BND,2024-07-31,12080.35
1,11844.02,CAD,2024-07-31,11725.32
1,18503.61,CHF,2024-07-31,18317.43
1,2257.93,CNH,2024-07-31,2235.34
1,2261.14,CNY,2024-07-31,2238.58
1,2377.91,DKK,2024-07-31,2354.07
1,17748.17,EUR,2024-07-31,17561.83
1,21082.62,GBP,2024-07-31,20861.47
1,2099.81,HKD,2024-07-31,2078.89
100,10593.3,JPY,2024-07-31,10487.21
1,11.85,KRW,2024-07-31,11.72
1,53636.81,KWD,2024-07-31,53085.75
1,0.74,LAK,2024-07-31,0.73
1,3552.44,MYR,2024-07-31,3513.28
1,1492.52,NOK,2024-07-31,1477.12
1,9668.74,NZD,2024-07-31,9566.04
1,4239.81,PGK,2024-07-31,4075.84
1,279.7,PHP,2024-07-31,276.82
1,4372.01,SAR,2024-07-31,4328.28
1,1514.52,SEK,2024-07-31,1498.85
1,12208.11,SGD,2024-07-31,12080.35
1,455.85,THB,2024-07-31,451.19
1,16401.6,USD,2024-07-31,16238.4
1,0.65,VND,2024-07-31,0.64
0.1,186000.0,Lotus Archi,2024-08-01,128400.0
0.2,368000.0,Lotus Archi,2024-08-01,256800.0
0.5,707000.0,Lotus Archi,2024-08-01,642000.0
1.0,1355000.0,Lotus Archi,2024-08-01,1284000.0
2.0,2664000.0,Lotus Archi,2024-08-01,2568000.0
5.0,6629000.0,Lotus Archi,2024-08-01,6420000.0
10.0,13266000.0,Lotus Archi,2024-08-01,12840000.0
25.0,33091000.0,Lotus Archi,2024-08-01,32100000.0
50.0,66132000.0,Lotus Archi,2024-08-01,64200000.0
100.0,131967000.0,Lotus Archi,2024-08-01,128400000.0
0.5,766500.0,Antam,2024-08-01,642000.0
1.0,1433000.0,Antam,2024-08-01,1284000.0
2.0,2806000.0,Antam,2024-08-01,2568000.0
3.0,4184000.0,Antam,2024-08-01,3852000.0
5.0,6940000.0,Antam,2024-08-01,6420000.0
10.0,13825000.0,Antam,2024-08-01,12840000.0
25.0,34437000.0,Antam,2024-08-01,32100000.0
50.0,68795000.0,Antam,2024-08-01,64200000.0
100.0,137512000.0,Antam,2024-08-01,128400000.0
250.0,343515000.0,Antam,2024-08-01,321000000.0
500.0,686820000.0,Antam,2024-08-01,642000000.0
1000.0,1373600000.0,Antam,2024-08-01,1284000000.0
0.5,763000.0,Galeri 24,2024-08-01,650000.0
1,1415000.0,Galeri 24,2024-08-01,1301000.0
2,2775000.0,Galeri 24,2024-08-01,2603000.0
5,6842000.0,Galeri 24,2024-08-01,6508000.0
10,13589000.0,Galeri 24,2024-08-01,13016000.0
25,33938000.0,Galeri 24,2024-08-01,32381000.0
50,67822000.0,Galeri 24,2024-08-01,64762000.0
100,135630000.0,Galeri 24,2024-08-01,129525000.0
250,338803000.0,Galeri 24,2024-08-01,322217000.0
500,677604000.0,Galeri 24,2024-08-01,644435000.0
1000,1355207000.0,Galeri 24,2024-08-01,1288871000.0
1,10650.61,AUD,2024-08-01,10543.01
1,12225.97,BND,2024-08-01,12102.52
1,11831.13,CAD,2024-08-01,11712.56
1,18589.48,CHF,2024-08-01,18400.33
1,2266.91,CNH,2024-08-01,2244.29
1,2267.79,CNY,2024-08-01,2244.6
1,2373.81,DKK,2024-08-01,2350.05
1,17713.35,EUR,2024-08-01,17533.85
1,21024.47,GBP,2024-08-01,20813.65
1,2096.11,HKD,2024-08-01,2075.18
100,10863.39,JPY,2024-08-01,10753.15
1,11.92,KRW,2024-08-01,11.79
1,53602.19,KWD,2024-08-01,53051.47
1,0.74,LAK,2024-08-01,0.73
1,3560.66,MYR,2024-08-01,3522.17
1,1499.59,NOK,2024-08-01,1484.34
1,9702.47,NZD,2024-08-01,9599.44
1,4231.42,PGK,2024-08-01,4067.72
1,280.59,PHP,2024-08-01,277.61
1,4364.93,SAR,2024-08-01,4321.27
1,1522.87,SEK,2024-08-01,1507.47
1,12225.97,SGD,2024-08-01,12102.52
1,459.47,THB,2024-08-01,454.51
1,16375.47,USD,2024-08-01,16212.53
1,0.65,VND,2024-08-01,0.64
0.1,188000.0,Lotus Archi,2024-08-02,128400.0
0.2,373000.0,Lotus Archi,2024-08-02,256800.0
0.5,722000.0,Lotus Archi,2024-08-02,642000.0
1.0,1384000.0,Lotus Archi,2024-08-02,1284000.0
2.0,2723000.0,Lotus Archi,2024-08-02,2568000.0
5.0,6777000.0,Lotus Archi,2024-08-02,6420000.0
10.0,13563000.0,Lotus Archi,2024-08-02,12840000.0
25.0,33834000.0,Lotus Archi,2024-08-02,32100000.0
50.0,67518000.0,Lotus Archi,2024-08-02,64200000.0
100.0,134937000.0,Lotus Archi,2024-08-02,128400000.0
0.5,765500.0,Antam,2024-08-02,642000.0
1.0,1431000.0,Antam,2024-08-02,1284000.0
2.0,2802000.0,Antam,2024-08-02,2568000.0
3.0,4178000.0,Antam,2024-08-02,3852000.0
5.0,6930000.0,Antam,2024-08-02,6420000.0
10.0,13805000.0,Antam,2024-08-02,12840000.0
25.0,34387000.0,Antam,2024-08-02,32100000.0
50.0,68695000.0,Antam,2024-08-02,64200000.0
100.0,137312000.0,Antam,2024-08-02,128400000.0
250.0,343015000.0,Antam,2024-08-02,321000000.0
500.0,685820000.0,Antam,2024-08-02,642000000.0
1000.0,1371600000.0,Antam,2024-08-02,1284000000.0
0.5,763000.0,Galeri 24,2024-08-02,653000.0
1,1415000.0,Galeri 24,2024-08-02,1306000.0
2,2775000.0,Galeri 24,2024-08-02,2613000.0
5,6842000.0,Galeri 24,2024-08-02,6534000.0
10,13589000.0,Galeri 24,2024-08-02,13069000.0
25,33938000.0,Galeri 24,2024-08-02,32514000.0
50,67822000.0,Galeri 24,2024-08-02,65028000.0
100,135630000.0,Galeri 24,2024-08-02,130056000.0
250,338803000.0,Galeri 24,2024-08-02,323539000.0
500,677604000.0,Galeri 24,2024-08-02,647079000.0
1000,1355207000.0,Galeri 24,2024-08-02,1294158000.0
1,10648.29,AUD,2024-08-02,10540.71
1,12205.02,BND,2024-08-02,12076.35
1,11808.61,CAD,2024-08-02,11690.26
1,18620.08,CHF,2024-08-02,18424.28
1,2252.11,CNH,2024-08-02,2229.58
1,2254.07,CNY,2024-08-02,2231.61
1,2362.64,DKK,2024-08-02,2338.93
1,17631.79,EUR,2024-08-02,17453.11
1,20880.31,GBP,2024-08-02,20670.92
1,2088.99,HKD,2024-08-02,2068.18
100,10893.71,JPY,2024-08-02,10783.87
1,11.95,KRW,2024-08-02,11.83
1,53427.44,KWD,2024-08-02,52878.48
1,0.74,LAK,2024-08-02,0.73
1,3573.6,MYR,2024-08-02,3532.63
1,1497.99,NOK,2024-08-02,1482.8
1,9709.65,NZD,2024-08-02,9611.41
1,4216.55,PGK,2024-08-02,4053.37
1,279.81,PHP,2024-08-02,276.93
1,4350.92,SAR,2024-08-02,4307.28
1,1524.84,SEK,2024-08-02,1509.16
1,12205.02,SGD,2024-08-02,12076.35
1,458.29,THB,2024-08-02,453.6
1,16324.22,USD,2024-08-02,16161.78
1,0.65,VND,2024-08-02,0.64
0.1,188000.0,Lotus Archi,2024-08-04,128400.0
0.2,373000.0,Lotus Archi,2024-08-04,256800.0
0.5,722000.0,Lotus Archi,2024-08-04,642000.0
1.0,1384000.0,Lotus Archi,2024-08-04,1284000.0
2.0,2723000.0,Lotus Archi,2024-08-04,2568000.0
5.0,6777000.0,Lotus Archi,2024-08-04,6420000.0
10.0,13563000.0,Lotus Archi,2024-08-04,12840000.0
25.0,33834000.0,Lotus Archi,2024-08-04,32100000.0
50.0,67518000.0,Lotus Archi,2024-08-04,64200000.0
100.0,134937000.0,Lotus Archi,2024-08-04,128400000.0
0.5,764000.0,Antam,2024-08-04,640500.0
1.0,1428000.0,Antam,2024-08-04,1281000.0
2.0,2796000.0,Antam,2024-08-04,2562000.0
3.0,4169000.0,Antam,2024-08-04,3843000.0
5.0,6915000.0,Antam,2024-08-04,6405000.0
10.0,13775000.0,Antam,2024-08-04,12810000.0
25.0,34312000.0,Antam,2024-08-04,32025000.0
50.0,68545000.0,Antam,2024-08-04,64050000.0
100.0,137012000.0,Antam,2024-08-04,128100000.0
250.0,342265000.0,Antam,2024-08-04,320250000.0
500.0,684320000.0,Antam,2024-08-04,640500000.0
1000.0,1368600000.0,Antam,2024-08-04,1281000000.0
0.5,760000.0,Galeri 24,2024-08-04,653000.0
1,1410000.0,Galeri 24,2024-08-04,1306000.0
2,2764000.0,Galeri 24,2024-08-04,2613000.0
5,6816000.0,Galeri 24,2024-08-04,6534000.0
10,13537000.0,Galeri 24,2024-08-04,13068000.0
25,33807000.0,Galeri 24,2024-08-04,32511000.0
50,67560000.0,Galeri 24,2024-08-04,65022000.0
100,135106000.0,Galeri 24,2024-08-04,130045000.0
250,337496000.0,Galeri 24,2024-08-04,323513000.0
500,674992000.0,Galeri 24,2024-08-04,647026000.0
1000,1349983000.0,Galeri 24,2024-08-04,1294052000.0
1,10648.29,AUD,2024-08-04,10540.71
1,12205.02,BND,2024-08-04,12076.35
1,11808.61,CAD,2024-08-04,11690.26
1,18620.08,CHF,2024-08-04,18424.28
1,2252.11,CNH,2024-08-04,2229.58
1,2254.07,CNY,2024-08-04,2231.61
1,2362.64,DKK,2024-08-04,2338.93
1,17631.79,EUR,2024-08-04,17453.11
1,20880.31,GBP,2024-08-04,20670.92
1,2088.99,HKD,2024-08-04,2068.18
100,10893.71,JPY,2024-08-04,10783.87
1,11.95,KRW,2024-08-04,11.83
1,53427.44,KWD,2024-08-04,52878.48
1,0.74,LAK,2024-08-04,0.73
1,3573.6,MYR,2024-08-04,3532.63
1,1497.99,NOK,2024-08-04,1482.8
1,9709.65,NZD,2024-08-04,9611.41
1,4216.55,PGK,2024-08-04,4053.37
1,279.81,PHP,2024-08-04,276.93
1,4350.92,SAR,2024-08-04,4307.28
1,1524.84,SEK,2024-08-04,1509.16
1,12205.02,SGD,2024-08-04,12076.35
1,458.29,THB,2024-08-04,453.6
1,16324.22,USD,2024-08-04,16161.78
1,0.65,VND,2024-08-04,0.64
0.1,188000.0,Lotus Archi,2024-08-05,127300.0
0.2,373000.0,Lotus Archi,2024-08-05,254600.0
0.5,722000.0,Lotus Archi,2024-08-05,636500.0
1.0,1384000.0,Lotus Archi,2024-08-05,1273000.0
2.0,2723000.0,Lotus Archi,2024-08-05,2546000.0
5.0,6777000.0,Lotus Archi,2024-08-05,6365000.0
10.0,13563000.0,Lotus Archi,2024-08-05,12730000.0
25.0,33834000.0,Lotus Archi,2024-08-05,31825000.0
50.0,67518000.0,Lotus Archi,2024-08-05,63650000.0
100.0,134937000.0,Lotus Archi,2024-08-05,127300000.0
0.5,760000.0,Antam,2024-08-05,636500.0
1.0,1420000.0,Antam,2024-08-05,1273000.0
2.0,2780000.0,Antam,2024-08-05,2546000.0
3.0,4145000.0,Antam,2024-08-05,3819000.0
5.0,6875000.0,Antam,2024-08-05,6365000.0
10.0,13695000.0,Antam,2024-08-05,12730000.0
25.0,34112000.0,Antam,2024-08-05,31825000.0
50.0,68145000.0,Antam,2024-08-05,63650000.0
100.0,136212000.0,Antam,2024-08-05,127300000.0
250.0,340265000.0,Antam,2024-08-05,318250000.0
500.0,680320000.0,Antam,2024-08-05,636500000.0
1000.0,1360600000.0,Antam,2024-08-05,1273000000.0
0.5,755000.0,Galeri 24,2024-08-05,652000.0
1,1401000.0,Galeri 24,2024-08-05,1304000.0
2,2747000.0,Galeri 24,2024-08-05,2609000.0
5,6774000.0,Galeri 24,2024-08-05,6522000.0
10,13454000.0,Galeri 24,2024-08-05,13045000.0
25,33598000.0,Galeri 24,2024-08-05,32454000.0
50,67142000.0,Galeri 24,2024-08-05,64909000.0
100,134269000.0,Galeri 24,2024-08-05,129818000.0
250,335407000.0,Galeri 24,2024-08-05,322947000.0
500,670813000.0,Galeri 24,2024-08-05,645894000.0
1000,1341624000.0,Galeri 24,2024-08-05,1291788000.0
1,10627.7,AUD,2024-08-05,10515.49
1,12238.52,BND,2024-08-05,12108.57
1,11761.22,CAD,2024-08-05,11643.36
1,18710.06,CHF,2024-08-05,18521.76
1,2260.85,CNH,2024-08-05,2238.2
1,2261.6,CNY,2024-08-05,2238.72
1,2362.36,DKK,2024-08-05,2338.75
1,17626.91,EUR,2024-08-05,17449.9
1,20746.37,GBP,2024-08-05,20538.32
1,2088.58,HKD,2024-08-05,2067.77
100,10929.24,JPY,2024-08-05,10819.77
1,11.91,KRW,2024-08-05,11.79
1,53422.3,KWD,2024-08-05,52852.66
1,0.74,LAK,2024-08-05,0.73
1,3620.77,MYR,2024-08-05,3580.76
1,1488.43,NOK,2024-08-05,1473.11
1,9704.26,NZD,2024-08-05,9606.09
1,4214.21,PGK,2024-08-05,4051.13
1,280.86,PHP,2024-08-05,278.02
1,4347.35,SAR,2024-08-05,4303.63
1,1520.24,SEK,2024-08-05,1504.81
1,12238.52,SGD,2024-08-05,12108.57
1,461.01,THB,2024-08-05,456.29
1,16315.17,USD,2024-08-05,16152.83
1,0.65,VND,2024-08-05,0.64
0.1,186000.0,Lotus Archi,2024-08-06,126600.0
0.2,368000.0,Lotus Archi,2024-08-06,253200.0
0.5,713000.0,Lotus Archi,2024-08-06,633000.0
1.0,1367000.0,Lotus Archi,2024-08-06,1266000.0
2.0,2688000.0,Lotus Archi,2024-08-06,2532000.0
5.0,6688000.0,Lotus Archi,2024-08-06,6330000.0
10.0,13385000.0,Lotus Archi,2024-08-06,12660000.0
25.0,33388000.0,Lotus Archi,2024-08-06,31650000.0
50.0,66627000.0,Lotus Archi,2024-08-06,63300000.0
100.0,133155000.0,Lotus Archi,2024-08-06,126600000.0
0.5,756500.0,Antam,2024-08-06,633000.0
1.0,1413000.0,Antam,2024-08-06,1266000.0
2.0,2766000.0,Antam,2024-08-06,2532000.0
3.0,4124000.0,Antam,2024-08-06,3798000.0
5.0,6840000.0,Antam,2024-08-06,6330000.0
10.0,13625000.0,Antam,2024-08-06,12660000.0
25.0,33937000.0,Antam,2024-08-06,31650000.0
50.0,67795000.0,Antam,2024-08-06,63300000.0
100.0,135512000.0,Antam,2024-08-06,126600000.0
250.0,338515000.0,Antam,2024-08-06,316500000.0
500.0,676820000.0,Antam,2024-08-06,633000000.0
1000.0,1353600000.0,Antam,2024-08-06,1266000000.0
0.5,751000.0,Galeri 24,2024-08-06,637000.0
1,1393000.0,Galeri 24,2024-08-06,1274000.0
2,2732000.0,Galeri 24,2024-08-06,2548000.0
5,6737000.0,Galeri 24,2024-08-06,6370000.0
10,13380000.0,Galeri 24,2024-08-06,12741000.0
25,33414000.0,Galeri 24,2024-08-06,31697000.0
50,66776000.0,Galeri 24,2024-08-06,63394000.0
100,133537000.0,Galeri 24,2024-08-06,126789000.0
250,333579000.0,Galeri 24,2024-08-06,315411000.0
500,667156000.0,Galeri 24,2024-08-06,630822000.0
1000,1334310000.0,Galeri 24,2024-08-06,1261645000.0
1,10456.82,AUD,2024-08-06,10351.16
1,12275.82,BND,2024-08-06,12150.91
1,11694.84,CAD,2024-08-06,11576.8
1,19061.61,CHF,2024-08-06,18865.29
1,2274.54,CNH,2024-08-06,2251.66
1,2272.44,CNY,2024-08-06,2249.61
1,2383.26,DKK,2024-08-06,2359.27
1,17781.94,EUR,2024-08-06,17601.79
1,20770.76,GBP,2024-08-06,20559.27
1,2086.38,HKD,2024-08-06,2065.52
100,11319.74,JPY,2024-08-06,11203.98
1,11.86,KRW,2024-08-06,11.74
1,53200.85,KWD,2024-08-06,52636.99
1,0.73,LAK,2024-08-06,0.72
1,3668.87,MYR,2024-08-06,3620.1
1,1475.53,NOK,2024-08-06,1459.74
1,9614.23,NZD,2024-08-06,9516.96
1,4191.82,PGK,2024-08-06,4029.56
1,280.44,PHP,2024-08-06,277.56
1,4325.24,SAR,2024-08-06,4281.29
1,1538.39,SEK,2024-08-06,1521.75
1,12275.82,SGD,2024-08-06,12150.91
1,460.82,THB,2024-08-06,456.11
1,16234.77,USD,2024-08-06,16073.23
1,0.65,VND,2024-08-06,0.64
0.1,184000.0,Lotus Archi,2024-08-08,124600.0
0.2,365000.0,Lotus Archi,2024-08-08,249200.0
0.5,706000.0,Lotus Archi,2024-08-08,623000.0
1.0,1353000.0,Lotus Archi,2024-08-08,1246000.0
2.0,2660000.0,Lotus Archi,2024-08-08,2492000.0
5.0,6619000.0,Lotus Archi,2024-08-08,6230000.0
10.0,13247000.0,Lotus Archi,2024-08-08,12460000.0
25.0,33042000.0,Lotus Archi,2024-08-08,31150000.0
50.0,65934000.0,Lotus Archi,2024-08-08,62300000.0
100.0,131769000.0,Lotus Archi,2024-08-08,124600000.0
0.5,749500.0,Antam,2024-08-08,623000.0
1.0,1399000.0,Antam,2024-08-08,1246000.0
2.0,2738000.0,Antam,2024-08-08,2492000.0
3.0,4082000.0,Antam,2024-08-08,3738000.0
5.0,6770000.0,Antam,2024-08-08,6230000.0
10.0,13485000.0,Antam,2024-08-08,12460000.0
25.0,33587000.0,Antam,2024-08-08,31150000.0
50.0,67095000.0,Antam,2024-08-08,62300000.0
100.0,134112000.0,Antam,2024-08-08,124600000.0
250.0,335015000.0,Antam,2024-08-08,311500000.0
500.0,669820000.0,Antam,2024-08-08,623000000.0
1000.0,1339600000.0,Antam,2024-08-08,1246000000.0
0.5,743000.0,Galeri 24,2024-08-08,637000.0
1,1378000.0,Galeri 24,2024-08-08,1275000.0
2,2702000.0,Galeri 24,2024-08-08,2551000.0
5,6663000.0,Galeri 24,2024-08-08,6378000.0
10,13233000.0,Galeri 24,2024-08-08,12757000.0
25,33049000.0,Galeri 24,2024-08-08,31737000.0
50,66044000.0,Galeri 24,2024-08-08,63475000.0
100,132074000.0,Galeri 24,2024-08-08,126951000.0
250,329921000.0,Galeri 24,2024-08-08,315816000.0
500,659841000.0,Galeri 24,2024-08-08,631632000.0
1000,1319682000.0,Galeri 24,2024-08-08,1263264000.0
1,10594.99,AUD,2024-08-08,10487.97
1,12195.13,BND,2024-08-08,12065.6
1,11753.96,CAD,2024-08-08,11636.16
1,18900.25,CHF,2024-08-08,18710.0
1,2250.64,CNH,2024-08-08,2228.12
1,2252.2,CNY,2024-08-08,2229.67
1,2367.75,DKK,2024-08-08,2344.02
1,17669.11,EUR,2024-08-08,17491.69
1,20544.38,GBP,2024-08-08,20338.36
1,2075.51,HKD,2024-08-08,2054.84
100,11022.14,JPY,2024-08-08,10911.72
1,11.77,KRW,2024-08-08,11.65
1,52913.76,KWD,2024-08-08,52370.13
1,0.73,LAK,2024-08-08,0.72
1,3605.28,MYR,2024-08-08,3561.47
1,1491.68,NOK,2024-08-08,1476.47
1,9724.48,NZD,2024-08-08,9626.12
1,4174.57,PGK,2024-08-08,4012.88
1,281.25,PHP,2024-08-08,278.36
1,4310.09,SAR,2024-08-08,4266.75
1,1546.45,SEK,2024-08-08,1530.75
1,12195.13,SGD,2024-08-08,12065.6
1,454.89,THB,2024-08-08,449.99
1,16180.5,USD,2024-08-08,16019.5
1,0.64,VND,2024-08-08,0.64
0.1,184000.0,Lotus Archi,2024-08-09,124600.0
0.2,365000.0,Lotus Archi,2024-08-09,249200.0
0.5,706000.0,Lotus Archi,2024-08-09,623000.0
1.0,1353000.0,Lotus Archi,2024-08-09,1246000.0
2.0,2660000.0,Lotus Archi,2024-08-09,2492000.0
5.0,6619000.0,Lotus Archi,2024-08-09,6230000.0
10.0,13247000.0,Lotus Archi,2024-08-09,12460000.0
25.0,33042000.0,Lotus Archi,2024-08-09,31150000.0
50.0,65934000.0,Lotus Archi,2024-08-09,62300000.0
100.0,131769000.0,Lotus Archi,2024-08-09,124600000.0
0.5,754500.0,Antam,2024-08-09,629500.0
1.0,1409000.0,Antam,2024-08-09,1259000.0
2.0,2758000.0,Antam,2024-08-09,2518000.0
3.0,4112000.0,Antam,2024-08-09,3777000.0
5.0,6820000.0,Antam,2024-08-09,6295000.0
10.0,13585000.0,Antam,2024-08-09,12590000.0
25.0,33837000.0,Antam,2024-08-09,31475000.0
50.0,67595000.0,Antam,2024-08-09,62950000.0
100.0,135112000.0,Antam,2024-08-09,125900000.0
250.0,337515000.0,Antam,2024-08-09,314750000.0
500.0,674820000.0,Antam,2024-08-09,629500000.0
1000.0,1349600000.0,Antam,2024-08-09,1259000000.0
0.5,749000.0,Galeri 24,2024-08-09,631000.0
1,1388000.0,Galeri 24,2024-08-09,1262000.0
2,2724000.0,Galeri 24,2024-08-09,2525000.0
5,6715000.0,Galeri 24,2024-08-09,6314000.0
10,13338000.0,Galeri 24,2024-08-09,12628000.0
25,33310000.0,Galeri 24,2024-08-09,31417000.0
50,66567000.0,Galeri 24,2024-08-09,62834000.0
100,133119000.0,Galeri 24,2024-08-09,125669000.0
250,332533000.0,Galeri 24,2024-08-09,312625000.0
500,665066000.0,Galeri 24,2024-08-09,625251000.0
1000,1330131000.0,Galeri 24,2024-08-09,1250503000.0
1,10499.2,AUD,2024-08-09,10393.14
1,12110.41,BND,2024-08-09,11988.1
1,11671.35,CAD,2024-08-09,11554.37
1,18671.98,CHF,2024-08-09,18484.03
1,2238.6,CNH,2024-08-09,2216.21
1,2238.89,CNY,2024-08-09,2216.39
1,2350.46,DKK,2024-08-09,2326.93
1,17538.75,EUR,2024-08-09,17362.64
1,20361.94,GBP,2024-08-09,20157.74
1,2058.15,HKD,2024-08-09,2037.65
100,10992.7,JPY,2024-08-09,10879.59
1,11.66,KRW,2024-08-09,11.54
1,52406.79,KWD,2024-08-09,51868.37
1,0.73,LAK,2024-08-09,0.71
1,3588.93,MYR,2024-08-09,3545.28
1,1482.16,NOK,2024-08-09,1467.1
1,9611.04,NZD,2024-08-09,9513.82
1,4134.59,PGK,2024-08-09,3974.41
1,279.69,PHP,2024-08-09,276.76
1,4271.6,SAR,2024-08-09,4228.65
1,1532.64,SEK,2024-08-09,1517.12
1,12110.41,SGD,2024-08-09,11988.1
1,453.9,THB,2024-08-09,449.0
1,16031.76,USD,2024-08-09,15872.24
1,0.64,VND,2024-08-09,0.63
0.1,184000.0,Lotus Archi,2024-08-10,124600.0
0.2,365000.0,Lotus Archi,2024-08-10,249200.0
0.5,706000.0,Lotus Archi,2024-08-10,623000.0
1.0,1353000.0,Lotus Archi,2024-08-10,1246000.0
2.0,2660000.0,Lotus Archi,2024-08-10,2492000.0
5.0,6619000.0,Lotus Archi,2024-08-10,6230000.0
10.0,13247000.0,Lotus Archi,2024-08-10,12460000.0
25.0,33042000.0,Lotus Archi,2024-08-10,31150000.0
50.0,65934000.0,Lotus Archi,2024-08-10,62300000.0
100.0,131769000.0,Lotus Archi,2024-08-10,124600000.0
0.5,750500.0,Antam,2024-08-10,626500.0
1.0,1401000.0,Antam,2024-08-10,1253000.0
2.0,2742000.0,Antam,2024-08-10,2506000.0
3.0,4088000.0,Antam,2024-08-10,3759000.0
5.0,6780000.0,Antam,2024-08-10,6265000.0
10.0,13505000.0,Antam,2024-08-10,12530000.0
25.0,33637000.0,Antam,2024-08-10,31325000.0
50.0,67195000.0,Antam,2024-08-10,62650000.0
100.0,134312000.0,Antam,2024-08-10,125300000.0
250.0,335515000.0,Antam,2024-08-10,313250000.0
500.0,670820000.0,Antam,2024-08-10,626500000.0
1000.0,1341600000.0,Antam,2024-08-10,1253000000.0
0.5,745000.0,Galeri 24,2024-08-10,638000.0
1,1380000.0,Galeri 24,2024-08-10,1277000.0
2,2706000.0,Galeri 24,2024-08-10,2555000.0
5,6673000.0,Galeri 24,2024-08-10,6388000.0
10,13254000.0,Galeri 24,2024-08-10,12777000.0
25,33101000.0,Galeri 24,2024-08-10,31787000.0
50,66149000.0,Galeri 24,2024-08-10,63574000.0
100,132283000.0,Galeri 24,2024-08-10,127148000.0
250,330444000.0,Galeri 24,2024-08-10,316304000.0
500,660887000.0,Galeri 24,2024-08-10,632609000.0
1000,1321772000.0,Galeri 24,2024-08-10,1265219000.0
1,10499.2,AUD,2024-08-10,10393.14
1,12110.41,BND,2024-08-10,11988.1
1,11671.35,CAD,2024-08-10,11554.37
1,18671.98,CHF,2024-08-10,18484.03
1,2238.6,CNH,2024-08-10,2216.21
1,2238.89,CNY,2024-08-10,2216.39
1,2350.46,DKK,2024-08-10,2326.93
1,17538.75,EUR,2024-08-10,17362.64
1,20361.94,GBP,2024-08-10,20157.74
1,2058.15,HKD,2024-08-10,2037.65
100,10992.7,JPY,2024-08-10,10879.59
1,11.66,KRW,2024-08-10,11.54
1,52406.79,KWD,2024-08-10,51868.37
1,0.73,LAK,2024-08-10,0.71
1,3588.93,MYR,2024-08-10,3545.28
1,1482.16,NOK,2024-08-10,1467.1
1,9611.04,NZD,2024-08-10,9513.82
1,4134.59,PGK,2024-08-10,3974.41
1,279.69,PHP,2024-08-10,276.76
1,4271.6,SAR,2024-08-10,4228.65
1,1532.64,SEK,2024-08-10,1517.12
1,12110.41,SGD,2024-08-10,11988.1
1,453.9,THB,2024-08-10,449.0
1,16031.76,USD,2024-08-10,15872.24
1,0.64,VND,2024-08-10,0.63
0.1,184000.0,Lotus Archi,2024-08-11,124600.0
0.2,365000.0,Lotus Archi,2024-08-11,249200.0
0.5,706000.0,Lotus Archi,2024-08-11,623000.0
1.0,1353000.0,Lotus Archi,2024-08-11,1246000.0
2.0,2660000.0,Lotus Archi,2024-08-11,2492000.0
5.0,6619000.0,Lotus Archi,2024-08-11,6230000.0
10.0,13247000.0,Lotus Archi,2024-08-11,12460000.0
25.0,33042000.0,Lotus Archi,2024-08-11,31150000.0
50.0,65934000.0,Lotus Archi,2024-08-11,62300000.0
100.0,131769000.0,Lotus Archi,2024-08-11,124600000.0
0.5,750500.0,Antam,2024-08-11,626500.0
1.0,1401000.0,Antam,2024-08-11,1253000.0
2.0,2742000.0,Antam,2024-08-11,2506000.0
3.0,4088000.0,Antam,2024-08-11,3759000.0
5.0,6780000.0,Antam,2024-08-11,6265000.0
10.0,13505000.0,Antam,2024-08-11,12530000.0
25.0,33637000.0,Antam,2024-08-11,31325000.0
50.0,67195000.0,Antam,2024-08-11,62650000.0
100.0,134312000.0,Antam,2024-08-11,125300000.0
250.0,335515000.0,Antam,2024-08-11,313250000.0
500.0,670820000.0,Antam,2024-08-11,626500000.0
1000.0,1341600000.0,Antam,2024-08-11,1253000000.0
0.5,745000.0,Galeri 24,2024-08-11,638000.0
1.0,1380000.0,Galeri 24,2024-08-11,1277000.0
2.0,2706000.0,Galeri 24,2024-08-11,2555000.0
5.0,6673000.0,Galeri 24,2024-08-11,6388000.0
10.0,13254000.0,Galeri 24,2024-08-11,12777000.0
25.0,33101000.0,Galeri 24,2024-08-11,31787000.0
50.0,66149000.0,Galeri 24,2024-08-11,63574000.0
100.0,132283000.0,Galeri 24,2024-08-11,127148000.0
250.0,330444000.0,Galeri 24,2024-08-11,316304000.0
500.0,660887000.0,Galeri 24,2024-08-11,632609000.0
1000.0,1321772000.0,Galeri 24,2024-08-11,1265219000.0
1.0,10499.2,AUD,2024-08-11,10393.14
1.0,12110.41,BND,2024-08-11,11988.1
1.0,11671.35,CAD,2024-08-11,11554.37
1.0,18671.98,CHF,2024-08-11,18484.03
1.0,2238.6,CNH,2024-08-11,2216.21
1.0,2238.89,CNY,2024-08-11,2216.39
1.0,2350.46,DKK,2024-08-11,2326.93
1.0,17538.75,EUR,2024-08-11,17362.64
1.0,20361.94,GBP,2024-08-11,20157.74
1.0,2058.15,HKD,2024-08-11,2037.65
100.0,10992.7,JPY,2024-08-11,10879.59
1.0,11.66,KRW,2024-08-11,11.54
1.0,52406.79,KWD,2024-08-11,51868.37
1.0,0.73,LAK,2024-08-11,0.71
1.0,3588.93,MYR,2024-08-11,3545.28
1.0,1482.16,NOK,2024-08-11,1467.1
1.0,9611.04,NZD,2024-08-11,9513.82
1.0,4134.59,PGK,2024-08-11,3974.41
1.0,279.69,PHP,2024-08-11,276.76
1.0,4271.6,SAR,2024-08-11,4228.65
1.0,1532.64,SEK,2024-08-11,1517.12
1.0,12110.41,SGD,2024-08-11,11988.1
1.0,453.9,THB,2024-08-11,449.0
1.0,16031.76,USD,2024-08-11,15872.24
1.0,0.64,VND,2024-08-11,0.63
0.1,184000.0,Lotus Archi,2024-08-12,125300.0
0.2,365000.0,Lotus Archi,2024-08-12,250600.0
0.5,706000.0,Lotus Archi,2024-08-12,626500.0
1.0,1353000.0,Lotus Archi,2024-08-12,1253000.0
2.0,2660000.0,Lotus Archi,2024-08-12,2506000.0
5.0,6619000.0,Lotus Archi,2024-08-12,6265000.0
10.0,13247000.0,Lotus Archi,2024-08-12,12530000.0
25.0,33042000.0,Lotus Archi,2024-08-12,31325000.0
50.0,65934000.0,Lotus Archi,2024-08-12,62650000.0
100.0,131769000.0,Lotus Archi,2024-08-12,125300000.0
0.5,750500.0,Antam,2024-08-12,626500.0
1.0,1401000.0,Antam,2024-08-12,1253000.0
2.0,2742000.0,Antam,2024-08-12,2506000.0
3.0,4088000.0,Antam,2024-08-12,3759000.0
5.0,6780000.0,Antam,2024-08-12,6265000.0
10.0,13505000.0,Antam,2024-08-12,12530000.0
25.0,33637000.0,Antam,2024-08-12,31325000.0
50.0,67195000.0,Antam,2024-08-12,62650000.0
100.0,134312000.0,Antam,2024-08-12,125300000.0
250.0,335515000.0,Antam,2024-08-12,313250000.0
500.0,670820000.0,Antam,2024-08-12,626500000.0
1000.0,1341600000.0,Antam,2024-08-12,1253000000.0
0.5,745000.0,Galeri 24,2024-08-12,638000.0
1,1380000.0,Galeri 24,2024-08-12,1277000.0
2,2706000.0,Galeri 24,2024-08-12,2555000.0
5,6673000.0,Galeri 24,2024-08-12,6388000.0
10,13254000.0,Galeri 24,2024-08-12,12777000.0
25,33101000.0,Galeri 24,2024-08-12,31787000.0
50,66149000.0,Galeri 24,2024-08-12,63574000.0
100,132283000.0,Galeri 24,2024-08-12,127148000.0
250,330444000.0,Galeri 24,2024-08-12,316304000.0
500,660887000.0,Galeri 24,2024-08-12,632609000.0
1000,1321772000.0,Galeri 24,2024-08-12,1265219000.0
1,10549.36,AUD,2024-08-12,10439.64
1,12084.3,BND,2024-08-12,11963.15
1,11646.93,CAD,2024-08-12,11530.2
1,18476.86,CHF,2024-08-12,18282.45
1,2229.16,CNH,2024-08-12,2206.89
1,2229.38,CNY,2024-08-12,2207.04
1,2340.98,DKK,2024-08-12,2317.58
1,17469.78,EUR,2024-08-12,17294.36
1,20420.59,GBP,2024-08-12,20206.32
1,2051.38,HKD,2024-08-12,2030.94
100,10857.82,JPY,2024-08-12,10749.05
1,11.71,KRW,2024-08-12,11.59
1,52251.2,KWD,2024-08-12,51714.39
1,0.72,LAK,2024-08-12,0.71
1,3618.45,MYR,2024-08-12,3570.33
1,1479.74,NOK,2024-08-12,1464.55
1,9632.93,NZD,2024-08-12,9535.49
1,4123.14,PGK,2024-08-12,3963.36
1,279.31,PHP,2024-08-12,276.34
1,4261.88,SAR,2024-08-12,4218.58
1,1521.41,SEK,2024-08-12,1505.99
1,12084.3,SGD,2024-08-12,11963.15
1,453.59,THB,2024-08-12,448.69
1,15993.57,USD,2024-08-12,15834.43
1,0.64,VND,2024-08-12,0.63
0.1,184000.0,Lotus Archi,2024-08-13,126800.0
0.2,365000.0,Lotus Archi,2024-08-13,253600.0
0.5,706000.0,Lotus Archi,2024-08-13,634000.0
1.0,1353000.0,Lotus Archi,2024-08-13,1268000.0
2.0,2660000.0,Lotus Archi,2024-08-13,2536000.0
5.0,6619000.0,Lotus Archi,2024-08-13,6340000.0
10.0,13247000.0,Lotus Archi,2024-08-13,12680000.0
25.0,33042000.0,Lotus Archi,2024-08-13,31700000.0
50.0,65934000.0,Lotus Archi,2024-08-13,63400000.0
100.0,131769000.0,Lotus Archi,2024-08-13,126800000.0
0.5,759500.0,Antam,2024-08-13,634000.0
1.0,1419000.0,Antam,2024-08-13,1268000.0
2.0,2778000.0,Antam,2024-08-13,2536000.0
3.0,4142000.0,Antam,2024-08-13,3804000.0
5.0,6870000.0,Antam,2024-08-13,6340000.0
10.0,13685000.0,Antam,2024-08-13,12680000.0
25.0,34087000.0,Antam,2024-08-13,31700000.0
50.0,68095000.0,Antam,2024-08-13,63400000.0
100.0,136112000.0,Antam,2024-08-13,126800000.0
250.0,340015000.0,Antam,2024-08-13,317000000.0
500.0,679820000.0,Antam,2024-08-13,634000000.0
1000.0,1359600000.0,Antam,2024-08-13,1268000000.0
0.5,750000.0,Galeri 24,2024-08-13,641000.0
1,1391000.0,Galeri 24,2024-08-13,1283000.0
2,2728000.0,Galeri 24,2024-08-13,2567000.0
5,6727000.0,Galeri 24,2024-08-13,6418000.0
10,13359000.0,Galeri 24,2024-08-13,12837000.0
25,33362000.0,Galeri 24,2024-08-13,31935000.0
50,66672000.0,Galeri 24,2024-08-13,63871000.0
100,133328000.0,Galeri 24,2024-08-13,127743000.0
250,333056000.0,Galeri 24,2024-08-13,317785000.0
500,666111000.0,Galeri 24,2024-08-13,635571000.0
1000,1332221000.0,Galeri 24,2024-08-13,1271142000.0
1,10591.47,AUD,2024-08-13,10484.49
1,12117.85,BND,2024-08-13,11990.02
1,11693.87,CAD,2024-08-13,11576.66
1,18482.51,CHF,2024-08-13,18290.17
1,2234.25,CNH,2024-08-13,2211.86
1,2235.12,CNY,2024-08-13,2212.7
1,2348.63,DKK,2024-08-13,2325.13
1,17526.78,EUR,2024-08-13,17349.2
1,20488.29,GBP,2024-08-13,20282.82
1,2057.38,HKD,2024-08-13,2036.88
100,10896.43,JPY,2024-08-13,10787.27
1,11.72,KRW,2024-08-13,11.6
1,52396.69,KWD,2024-08-13,51858.36
1,0.73,LAK,2024-08-13,0.71
1,3609.18,MYR,2024-08-13,3565.25
1,1490.66,NOK,2024-08-13,1475.36
1,9669.01,NZD,2024-08-13,9571.2
1,4264.18,PGK,2024-08-13,3967.62
1,279.91,PHP,2024-08-13,277.0
1,4274.32,SAR,2024-08-13,4231.11
1,1527.49,SEK,2024-08-13,1512.01
1,12117.85,SGD,2024-08-13,11990.02
1,455.37,THB,2024-08-13,450.46
1,16042.82,USD,2024-08-13,15883.18
1,0.64,VND,2024-08-13,0.63
